<?xml version="1.0" encoding="UTF-8"?>
<!--c3p0-config.xml是提供了c3p0基本连接配置-->
        <!--这是 C3P0 配置文件的根元素，所有的 C3P0 配置都包含在这个元素内。-->
<c3p0-config>

    <!--这个元素定义了 C3P0 的默认配置。这些配置项将在没有其他特定配置覆盖时使用-->
  <default-config>

     <!-- name 属性: driverClass 指定了数据库驱动类的名称。
      值: com.mysql.jdbc.Driver 是 MySQL 的 JDBC 驱动类。C3P0 将使用这个驱动类来连接 MySQL 数据库。-->
    <property name="driverClass">com.mysql.jdbc.Driver</property>

      <!--jdbc:mysql://localhost:3306/jsp_kaoqin?useSSL=false 是连接到 MySQL 数据库的 URL。
      jdbc:mysql:// 是协议部分。
      localhost:3306 指定了数据库服务器的地址和端口号。这里是本地主机上的 3306 端口。
      /jsp_kaoqin 是数据库的名称。
      ?useSSL=false 是一个参数，表示不使用 SSL 连接。-->
	<property name="jdbcUrl">jdbc:mysql://localhost:3306/jsp_kaoqin?useSSL=false</property>

     <!-- 值：root 是连接到数据库的用户名。-->
	<property name="user">root</property>

      <!-- 值：root 是连接到数据库的密码。-->
	<property name="password">root</property>
  </default-config>
</c3p0-config>
